customerID,gender,SeniorCitizen,Partner,Dependents,tenure,PhoneService,MultipleLines,InternetService,OnlineSecurity,OnlineBackup,DeviceProtection,TechSupport,StreamingTV,StreamingMovies,Contract,PaperlessBilling,PaymentMethod,MonthlyCharges,TotalCharges,Churn
4849-PYRLQ,Female,1,No,No,56,Yes,Yes,DSL,Yes,No,Yes,Yes,No,Yes,Two year,No,Bank transfer (automatic),73.25,4054.2,No
0225-ZORZP,Male,0,No,No,3,Yes,No,Fiber optic,No,Yes,No,No,No,Yes,Month-to-month,No,Electronic check,84.3,235.05,No
9018-PCIOK,Female,0,No,No,55,Yes,No,DSL,No,Yes,Yes,No,No,Yes,Two year,Yes,Mailed check,64.75,3617.1,No
1456-TWCGB,Male,0,No,No,4,Yes,No,DSL,No,Yes,No,No,No,No,Month-to-month,No,Mailed check,49.25,208.45,No
7781-HVGMK,Female,0,Yes,Yes,72,No,No phone service,DSL,Yes,Yes,Yes,Yes,Yes,Yes,Two year,Yes,Credit card (automatic),65.2,4784.45,No
3525-DVKFN,Female,0,No,No,17,Yes,No,No,No internet service,No internet service,No internet service,No internet service,No internet service,No internet service,Two year,No,Mailed check,19.4,358.05,No
5716-EZXZN,Female,0,Yes,Yes,65,Yes,Yes,Fiber optic,Yes,Yes,No,Yes,Yes,No,Two year,Yes,Credit card (automatic),99.05,6416.7,No
8305-VHZBZ,Male,0,No,No,1,Yes,No,No,No internet service,No internet service,No internet service,No internet service,No internet service,No internet service,Month-to-month,Yes,Mailed check,20.2,20.2,Yes
5343-SGUBI,Female,0,No,No,52,Yes,Yes,Fiber optic,No,Yes,No,No,No,No,One year,Yes,Mailed check,80.2,4297.6,No
6479-OAUSD,Male,0,No,No,25,Yes,No,No,No internet service,No internet service,No internet service,No internet service,No internet service,No internet service,One year,No,Credit card (automatic),19.9,510.8,No
5443-SCMKX,Female,0,Yes,No,58,Yes,Yes,Fiber optic,No,Yes,Yes,No,No,Yes,One year,Yes,Electronic check,94.3,5610.15,No
4872-JCVCA,Female,0,Yes,No,71,No,No phone service,DSL,Yes,Yes,Yes,Yes,No,No,Two year,Yes,Bank transfer (automatic),47.6,3377.8,No
8617-ENBDS,Male,0,No,No,3,Yes,No,Fiber optic,No,No,Yes,No,No,No,Month-to-month,Yes,Credit card (automatic),73.6,232.5,No
0820-FNRNX,Male,0,Yes,Yes,17,Yes,Yes,DSL,No,Yes,Yes,Yes,No,No,Month-to-month,Yes,Mailed check,66.7,1077.05,No
7465-ZZRVX,Male,0,No,No,1,Yes,No,Fiber optic,No,No,No,No,No,No,Month-to-month,Yes,Electronic check,70.35,70.35,No
5453-AXEPF,Male,0,Yes,No,17,Yes,Yes,Fiber optic,No,Yes,No,No,No,No,Month-to-month,Yes,Bank transfer (automatic),80.5,1336.9,No
9705-ZJBCG,Female,0,Yes,Yes,13,Yes,No,DSL,Yes,No,No,Yes,No,No,One year,No,Bank transfer (automatic),54.15,701.05,No
2506-TNFCO,Female,1,Yes,No,1,Yes,No,Fiber optic,No,No,No,No,No,No,Month-to-month,Yes,Electronic check,69.55,69.55,Yes
8680-CGLTP,Male,0,No,No,29,Yes,No,DSL,Yes,Yes,No,Yes,No,No,One year,Yes,Electronic check,58.75,1696.2,No
5236-PERKL,Female,0,No,No,57,Yes,Yes,Fiber optic,Yes,Yes,Yes,No,Yes,Yes,Two year,Yes,Bank transfer (automatic),112.95,6465,Yes
6625-UTXEW,Female,0,Yes,No,12,Yes,No,DSL,No,Yes,No,No,No,No,Month-to-month,Yes,Electronic check,51.25,612.1,No
7156-MHUGY,Male,1,No,No,13,Yes,No,Fiber optic,No,No,No,No,Yes,Yes,Month-to-month,Yes,Electronic check,90.5,1201.15,Yes
3785-KTYSH,Male,0,No,No,53,Yes,Yes,No,No internet service,No internet service,No internet service,No internet service,No internet service,No internet service,Two year,No,Mailed check,24.6,1279,No
7633-MVPUY,Male,0,Yes,No,57,Yes,No,DSL,Yes,Yes,No,Yes,No,No,Two year,Yes,Electronic check,59.75,3450.15,No
7067-KSAZT,Female,1,Yes,No,65,Yes,Yes,Fiber optic,No,Yes,Yes,No,Yes,Yes,One year,Yes,Electronic check,106.25,6979.8,Yes
5482-NUPNA,Female,0,No,No,4,Yes,No,DSL,Yes,Yes,No,Yes,No,No,Month-to-month,Yes,Mailed check,60.4,272.15,Yes
4522-AKYLR,Female,1,No,No,13,Yes,No,DSL,No,Yes,Yes,No,No,No,Month-to-month,Yes,Electronic check,54.8,731.3,No
2005-DWQZJ,Female,0,Yes,Yes,8,Yes,No,No,No internet service,No internet service,No internet service,No internet service,No internet service,No internet service,Two year,No,Mailed check,19.05,201.7,No
6377-WHAOX,Female,0,Yes,No,60,Yes,Yes,Fiber optic,No,Yes,Yes,No,Yes,Yes,Month-to-month,Yes,Electronic check,106.15,6411.25,No
3753-TSEMP,Female,0,Yes,No,15,Yes,No,Fiber optic,No,No,No,No,Yes,Yes,Month-to-month,No,Electronic check,88.15,1390.6,Yes
0488-GSLFR,Female,0,No,No,1,Yes,No,Fiber optic,No,No,No,No,No,No,Month-to-month,Yes,Electronic check,69.5,69.5,Yes
4397-FRLTA,Female,0,No,No,4,Yes,No,No,No internet service,No internet service,No internet service,No internet service,No internet service,No internet service,Month-to-month,No,Mailed check,20.15,84.5,No
3551-GAEGL,Male,0,Yes,Yes,34,No,No phone service,DSL,Yes,No,No,No,No,No,One year,No,Bank transfer (automatic),30.4,938.65,No
2903-YYTBW,Male,0,Yes,Yes,1,Yes,No,DSL,No,No,No,No,No,No,Month-to-month,No,Electronic check,44.55,44.55,No
5981-ZVXOT,Female,1,No,No,35,Yes,Yes,Fiber optic,Yes,Yes,Yes,No,Yes,Yes,One year,Yes,Electronic check,108.35,3726.15,No
8903-XEBGX,Male,0,No,Yes,2,Yes,No,DSL,No,No,No,No,No,Yes,Month-to-month,Yes,Electronic check,55.3,108.65,No
6016-LVTJQ,Female,0,Yes,Yes,34,Yes,No,No,No internet service,No internet service,No internet service,No internet service,No internet service,No internet service,Month-to-month,No,Mailed check,20.65,716.4,No
3721-CNZHX,Male,0,No,No,15,Yes,No,No,No internet service,No internet service,No internet service,No internet service,No internet service,No internet service,One year,No,Mailed check,19.8,304.6,No
9351-LZYGF,Female,0,Yes,No,42,Yes,Yes,DSL,Yes,Yes,No,Yes,No,No,Month-to-month,Yes,Credit card (automatic),66.4,2727.8,No
7706-YLMQA,Female,0,No,No,70,Yes,No,No,No internet service,No internet service,No internet service,No internet service,No internet service,No internet service,One year,No,Bank transfer (automatic),19.7,1341.5,No
7129-AZJDE,Male,0,Yes,Yes,34,Yes,No,Fiber optic,No,No,No,No,No,Yes,One year,Yes,Bank transfer (automatic),78.95,2647.2,No
3148-BLQJT,Male,0,No,No,1,Yes,No,No,No internet service,No internet service,No internet service,No internet service,No internet service,No internet service,Month-to-month,No,Mailed check,20.1,20.1,Yes
1307-TVUFB,Male,1,No,No,42,Yes,Yes,Fiber optic,No,Yes,No,No,No,No,Month-to-month,Yes,Bank transfer (automatic),79.35,3344.1,No
1098-TDVUQ,Female,0,No,No,1,Yes,No,No,No internet service,No internet service,No internet service,No internet service,No internet service,No internet service,Month-to-month,Yes,Bank transfer (automatic),19.25,19.25,No
2550-AEVRU,Female,0,Yes,Yes,57,Yes,No,DSL,Yes,Yes,No,No,No,No,One year,No,Electronic check,53.45,3053,No
8257-RZAHR,Female,0,Yes,No,14,Yes,Yes,DSL,Yes,No,No,No,Yes,No,Month-to-month,Yes,Bank transfer (automatic),64.7,941,Yes
0463-ZSDNT,Male,0,No,No,10,Yes,No,DSL,No,No,No,No,No,Yes,Month-to-month,Yes,Bank transfer (automatic),56.75,503.25,No
7184-LRUUR,Female,0,No,No,22,Yes,No,DSL,No,Yes,Yes,No,Yes,No,One year,No,Bank transfer (automatic),65.25,1441.8,No
5577-OTWWW,Female,0,No,No,15,Yes,No,No,No internet service,No internet service,No internet service,No internet service,No internet service,No internet service,Month-to-month,No,Bank transfer (automatic),19.75,297.3,Yes
7471-WNSUF,Male,0,Yes,No,60,Yes,Yes,No,No internet service,No internet service,No internet service,No internet service,No internet service,No internet service,One year,No,Bank transfer (automatic),24.15,1505.9,No
6210-KBBPI,Male,1,No,No,9,Yes,Yes,Fiber optic,No,Yes,No,No,Yes,Yes,Month-to-month,Yes,Credit card (automatic),99.45,919.4,Yes
8788-DOXSU,Male,0,No,No,59,Yes,No,DSL,No,No,Yes,No,No,Yes,One year,Yes,Bank transfer (automatic),61.35,3645.5,No
5380-WJKOV,Male,0,No,No,34,Yes,Yes,Fiber optic,No,Yes,Yes,No,Yes,Yes,Month-to-month,Yes,Electronic check,106.35,3549.25,Yes
3178-FESZO,Female,0,No,No,1,Yes,Yes,Fiber optic,No,Yes,No,No,Yes,Yes,Month-to-month,Yes,Credit card (automatic),100.25,100.25,Yes
6821-JPCDC,Female,0,Yes,No,48,Yes,No,Fiber optic,No,Yes,Yes,No,Yes,Yes,One year,Yes,Electronic check,97.05,4692.95,No
4674-HGNUA,Male,0,Yes,Yes,71,Yes,Yes,DSL,Yes,Yes,Yes,Yes,Yes,Yes,Two year,No,Credit card (automatic),89.9,6457.15,No
0774-RMNUW,Female,0,Yes,Yes,71,No,No phone service,DSL,Yes,Yes,No,Yes,Yes,Yes,Two year,No,Bank transfer (automatic),59.7,4122.65,No
8775-CEBBJ,Female,0,No,No,9,Yes,No,DSL,No,No,No,No,No,No,Month-to-month,Yes,Bank transfer (automatic),44.2,403.35,Yes
5018-HEKFO,Female,0,No,No,10,Yes,Yes,No,No internet service,No internet service,No internet service,No internet service,No internet service,No internet service,Month-to-month,Yes,Mailed check,24.5,270.15,No
8454-AATJP,Female,0,No,No,72,Yes,Yes,Fiber optic,Yes,Yes,Yes,Yes,Yes,Yes,Two year,No,Credit card (automatic),115.05,8405,No
3082-VQXNH,Male,0,Yes,No,3,No,No phone service,DSL,No,Yes,No,No,No,No,Month-to-month,No,Credit card (automatic),29.8,94.4,No
3164-YAXFY,Male,0,No,No,57,No,No phone service,DSL,Yes,No,Yes,No,Yes,Yes,Month-to-month,Yes,Electronic check,53.75,3196,No
9853-JFZDU,Female,0,Yes,No,35,Yes,No,DSL,No,Yes,No,Yes,No,No,Month-to-month,No,Electronic check,56.85,1861.1,No
7138-GIRSH,Male,0,No,No,50,Yes,Yes,DSL,No,No,Yes,Yes,No,Yes,Two year,No,Bank transfer (automatic),69.5,3418.2,No
2215-ZAFGX,Male,0,No,No,9,Yes,Yes,Fiber optic,No,No,No,No,Yes,No,Month-to-month,Yes,Electronic check,85.5,791.7,No
8205-MQUGY,Male,0,Yes,Yes,12,Yes,No,DSL,Yes,No,No,No,No,No,Month-to-month,Yes,Electronic check,49.2,571.15,No
0575-CUQOV,Male,1,Yes,No,60,Yes,No,Fiber optic,No,Yes,Yes,No,Yes,Yes,One year,Yes,Electronic check,97.95,5867,No
1322-AGOQM,Male,0,No,No,46,No,No phone service,DSL,No,Yes,No,No,No,No,Month-to-month,No,Bank transfer (automatic),30.3,1380.1,Yes
4198-VFOEA,Female,0,No,No,12,No,No phone service,DSL,Yes,No,No,Yes,No,No,One year,Yes,Mailed check,33.6,435.45,No
2450-ZKEED,Female,0,No,No,11,Yes,No,DSL,No,No,Yes,Yes,No,No,One year,No,Bank transfer (automatic),53.8,651.55,No
7074-STDCN,Male,0,No,No,39,No,No phone service,DSL,No,No,No,Yes,No,Yes,Month-to-month,Yes,Electronic check,40.6,1494.5,No
1842-EZJMK,Male,0,Yes,Yes,50,Yes,Yes,Fiber optic,No,Yes,No,Yes,Yes,Yes,Month-to-month,No,Electronic check,103.7,5071.05,Yes
0168-XZKBB,Female,0,Yes,No,19,Yes,Yes,Fiber optic,No,No,No,No,Yes,No,Month-to-month,Yes,Electronic check,86.85,1564.4,No
2664-XJZNO,Male,0,Yes,Yes,72,Yes,No,Fiber optic,Yes,No,Yes,Yes,Yes,Yes,Two year,Yes,Credit card (automatic),104.9,7559.55,No
3643-AHCFP,Male,1,Yes,No,7,Yes,Yes,Fiber optic,No,No,No,No,Yes,Yes,Month-to-month,Yes,Bank transfer (automatic),95.6,644.35,Yes
9207-ZPANB,Male,0,No,No,37,Yes,Yes,DSL,Yes,Yes,Yes,Yes,No,No,One year,No,Electronic check,67.45,2443.3,No
5322-ZSMZY,Male,0,Yes,Yes,31,Yes,Yes,No,No internet service,No internet service,No internet service,No internet service,No internet service,No internet service,Two year,No,Mailed check,25.75,755.6,No
3066-RRJIO,Female,0,No,No,1,Yes,No,Fiber optic,No,No,No,No,No,No,Month-to-month,Yes,Mailed check,69.95,69.95,Yes
2469-DTSGX,Female,1,No,No,72,Yes,Yes,Fiber optic,No,Yes,Yes,Yes,Yes,Yes,Two year,No,Electronic check,111.65,7943.45,No
5061-PBXFW,Female,0,Yes,Yes,32,Yes,No,DSL,Yes,Yes,No,Yes,No,No,Month-to-month,No,Bank transfer (automatic),61.4,1864.65,No
7128-GGCNO,Male,0,No,No,46,Yes,Yes,Fiber optic,No,No,No,No,No,No,Month-to-month,No,Bank transfer (automatic),72.8,3249.4,No
3597-MVHJT,Female,0,No,No,27,Yes,Yes,Fiber optic,No,No,No,No,Yes,Yes,Month-to-month,Yes,Bank transfer (automatic),95.6,2595.25,No
4302-ZYFEL,Male,0,Yes,Yes,69,Yes,No,No,No internet service,No internet service,No internet service,No internet service,No internet service,No internet service,One year,Yes,Credit card (automatic),20.55,1403.1,No
1273-MTETI,Female,1,No,No,4,Yes,Yes,Fiber optic,No,No,Yes,No,No,Yes,Month-to-month,Yes,Electronic check,88.85,372.45,Yes
6986-IXNDM,Male,0,No,No,14,Yes,No,Fiber optic,No,No,No,No,Yes,Yes,Month-to-month,Yes,Electronic check,92.9,1337.45,No
2277-AXSDC,Female,0,No,No,32,Yes,No,No,No internet service,No internet service,No internet service,No internet service,No internet service,No internet service,One year,No,Bank transfer (automatic),19.75,624.15,No
6729-FZWSY,Male,0,No,No,67,Yes,No,No,No internet service,No internet service,No internet service,No internet service,No internet service,No internet service,One year,Yes,Mailed check,19.45,1195.95,No
1156-ZFYDO,Female,0,No,No,1,Yes,No,No,No internet service,No internet service,No internet service,No internet service,No internet service,No internet service,Month-to-month,No,Electronic check,19.75,19.75,No
9386-LDCZR,Male,0,No,No,43,Yes,No,Fiber optic,Yes,Yes,Yes,Yes,No,No,One year,Yes,Credit card (automatic),90.65,3882.3,No
3623-FQBOX,Male,0,No,No,21,Yes,No,No,No internet service,No internet service,No internet service,No internet service,No internet service,No internet service,Month-to-month,Yes,Mailed check,19.95,416.4,No
5948-UJZLF,Male,0,No,No,2,Yes,No,DSL,No,Yes,No,No,No,No,Month-to-month,No,Mailed check,49.25,97,No
9928-BZVLZ,Female,0,No,No,12,No,No phone service,DSL,Yes,No,Yes,Yes,No,Yes,Two year,No,Mailed check,49.85,552.1,No
7746-AWNQW,Female,0,No,No,28,No,No phone service,DSL,No,No,Yes,Yes,No,No,Month-to-month,Yes,Mailed check,35.75,961.4,No
2107-FBPTK,Female,1,No,No,30,Yes,Yes,Fiber optic,No,Yes,Yes,No,Yes,Yes,Month-to-month,Yes,Electronic check,104.1,3121.1,No
1965-DDBWU,Male,0,No,No,16,Yes,Yes,Fiber optic,No,No,No,Yes,No,Yes,Month-to-month,Yes,Credit card (automatic),89.05,1448.6,Yes
6302-JGYRJ,Male,0,No,Yes,31,Yes,Yes,DSL,No,Yes,No,Yes,Yes,Yes,One year,Yes,Mailed check,79.45,2587.7,Yes
6502-KUGLL,Female,0,Yes,Yes,14,Yes,No,DSL,Yes,Yes,No,Yes,No,No,Month-to-month,No,Bank transfer (automatic),59.45,780.85,No
9866-OCCKE,Female,1,Yes,No,72,Yes,Yes,Fiber optic,Yes,No,Yes,Yes,Yes,Yes,Two year,Yes,Mailed check,109.75,8075.35,No
9173-IVZVP,Female,0,Yes,Yes,53,Yes,No,No,No internet service,No internet service,No internet service,No internet service,No internet service,No internet service,Two year,No,Mailed check,20.9,1146.05,No
3893-JRNFS,Male,0,No,No,68,No,No phone service,DSL,No,No,Yes,No,No,Yes,Month-to-month,Yes,Bank transfer (automatic),39.9,2796.35,No
4137-JOPHL,Female,0,No,No,50,Yes,No,Fiber optic,No,No,Yes,Yes,No,Yes,Two year,Yes,Bank transfer (automatic),89.7,4304.5,No
4323-OHFOW,Female,1,Yes,No,70,Yes,Yes,Fiber optic,No,Yes,No,Yes,Yes,Yes,One year,Yes,Bank transfer (automatic),105.55,7195.35,No
1972-XMUWV,Female,0,Yes,No,65,Yes,No,DSL,No,No,No,Yes,Yes,No,Two year,Yes,Credit card (automatic),59.8,3808.2,No
1915-IOFGU,Female,0,No,No,1,Yes,No,Fiber optic,No,No,No,No,No,No,Month-to-month,No,Electronic check,70.5,70.5,Yes
7982-VCELR,Female,0,No,No,36,Yes,No,Fiber optic,No,Yes,No,No,Yes,Yes,Month-to-month,Yes,Credit card (automatic),94.8,3565.65,No
0699-NDKJM,Female,0,Yes,No,57,No,No phone service,DSL,Yes,Yes,Yes,No,Yes,Yes,Month-to-month,Yes,Bank transfer (automatic),58.75,3437.45,No
4633-MKHYU,Female,0,No,No,9,Yes,No,Fiber optic,No,No,No,No,Yes,Yes,Month-to-month,Yes,Mailed check,88.4,788.6,No
9269-CQOOL,Male,0,No,Yes,3,Yes,No,DSL,No,No,No,No,Yes,No,Month-to-month,Yes,Credit card (automatic),54.7,169.45,Yes
2995-YWTCD,Female,0,Yes,Yes,19,Yes,Yes,No,No internet service,No internet service,No internet service,No internet service,No internet service,No internet service,Two year,Yes,Bank transfer (automatic),24.9,467.7,No
5989-AXPUC,Female,0,Yes,No,68,Yes,Yes,Fiber optic,Yes,Yes,Yes,Yes,Yes,Yes,Two year,No,Mailed check,118.6,7990.05,No
1771-OADNZ,Male,1,Yes,No,29,Yes,Yes,Fiber optic,No,Yes,Yes,No,No,Yes,Month-to-month,Yes,Electronic check,95.9,2745.2,Yes
2739-CACDQ,Female,1,No,No,17,Yes,Yes,Fiber optic,No,No,Yes,No,No,No,Month-to-month,Yes,Credit card (automatic),82.65,1470.05,No
8029-XYPWT,Male,1,Yes,No,71,Yes,Yes,Fiber optic,Yes,Yes,Yes,Yes,Yes,Yes,Two year,Yes,Bank transfer (automatic),115.05,8016.6,No
3801-HMYNL,Male,0,Yes,Yes,1,Yes,No,Fiber optic,No,No,No,No,Yes,Yes,Month-to-month,No,Mailed check,89.15,89.15,Yes
6898-RBTLU,Female,0,Yes,Yes,49,Yes,Yes,DSL,No,Yes,No,Yes,Yes,Yes,Two year,No,Bank transfer (automatic),79.3,3902.45,No
4822-NGOCH,Female,0,No,No,13,Yes,Yes,Fiber optic,No,Yes,Yes,No,No,No,Month-to-month,Yes,Electronic check,84.45,1058.6,Yes
1116-DXXDF,Male,0,No,No,39,Yes,No,Fiber optic,Yes,No,Yes,No,Yes,Yes,Two year,Yes,Electronic check,100.45,3801.7,No
1306-RPWXZ,Female,0,No,Yes,49,Yes,No,No,No internet service,No internet service,No internet service,No internet service,No internet service,No internet service,Two year,No,Credit card (automatic),20.45,1024.65,No
5934-RMPOV,Female,0,No,Yes,22,Yes,Yes,Fiber optic,No,No,No,No,No,Yes,Month-to-month,Yes,Electronic check,84.75,1816.75,No
6897-RWMUB,Male,0,Yes,Yes,61,Yes,No,DSL,Yes,Yes,Yes,Yes,No,No,Two year,Yes,Bank transfer (automatic),68.05,4158.25,No
7893-IXHRQ,Male,0,No,No,1,Yes,No,No,No internet service,No internet service,No internet service,No internet service,No internet service,No internet service,Month-to-month,No,Electronic check,20.55,20.55,Yes
1875-QIVME,Female,0,Yes,No,2,Yes,Yes,Fiber optic,No,No,Yes,Yes,Yes,Yes,Month-to-month,Yes,Electronic check,104.4,242.8,Yes
4291-YZODP,Female,0,No,Yes,7,Yes,No,No,No internet service,No internet service,No internet service,No internet service,No internet service,No internet service,One year,No,Mailed check,20.05,96.8,No
1635-NZATJ,Male,1,Yes,No,71,Yes,Yes,No,No internet service,No internet service,No internet service,No internet service,No internet service,No internet service,Two year,No,Credit card (automatic),25.45,1789.65,No
9847-HNVGP,Male,0,No,No,17,Yes,No,No,No internet service,No internet service,No internet service,No internet service,No internet service,No internet service,One year,No,Mailed check,19.95,310.6,No
3519-ZKXGG,Female,0,Yes,No,3,Yes,Yes,Fiber optic,No,No,No,No,No,No,Month-to-month,Yes,Electronic check,75.85,256.6,Yes
8092-NLTGF,Male,0,No,No,72,Yes,Yes,No,No internet service,No internet service,No internet service,No internet service,No internet service,No internet service,Two year,No,Bank transfer (automatic),24.75,1777.6,No
1371-WEPDS,Male,1,Yes,No,40,Yes,No,DSL,No,No,No,No,No,Yes,One year,No,Electronic check,55.8,2283.3,No
8317-BVKSO,Male,0,No,No,14,Yes,No,No,No internet service,No internet service,No internet service,No internet service,No internet service,No internet service,Month-to-month,Yes,Electronic check,20.05,299.3,No
2692-AQCPF,Female,0,Yes,No,65,Yes,Yes,Fiber optic,No,Yes,Yes,Yes,Yes,Yes,One year,Yes,Credit card (automatic),108.05,7118.9,No
0434-CSFON,Female,0,Yes,No,47,Yes,Yes,Fiber optic,No,No,Yes,No,Yes,Yes,Month-to-month,Yes,Electronic check,100.5,4707.1,No
2120-SMPEX,Male,0,No,No,25,Yes,No,No,No internet service,No internet service,No internet service,No internet service,No internet service,No internet service,Month-to-month,Yes,Mailed check,20.15,536.35,No
3295-YVUSR,Male,1,No,No,2,Yes,Yes,Fiber optic,No,No,No,No,No,No,Month-to-month,Yes,Mailed check,72.6,154.3,No
4785-QRJHC,Male,1,Yes,No,46,No,No phone service,DSL,No,Yes,Yes,Yes,Yes,Yes,One year,Yes,Bank transfer (automatic),59.9,2816.65,Yes
5793-YOLJN,Female,0,Yes,Yes,55,Yes,No,No,No internet service,No internet service,No internet service,No internet service,No internet service,No internet service,Two year,No,Mailed check,21.0,1210.3,No
1656-DRSMG,Female,0,No,No,63,Yes,Yes,Fiber optic,No,Yes,Yes,Yes,Yes,Yes,Month-to-month,Yes,Credit card (automatic),109.85,7002.95,No
9073-ZZIAY,Male,0,Yes,Yes,62,Yes,No,DSL,Yes,Yes,Yes,Yes,Yes,Yes,Two year,No,Electronic check,86.1,5215.25,No
0447-BEMNG,Female,0,Yes,No,48,No,No phone service,DSL,Yes,No,Yes,No,No,Yes,Month-to-month,Yes,Bank transfer (automatic),45.3,2145,Yes
0365-GXEZS,Male,0,Yes,No,18,Yes,No,Fiber optic,No,No,Yes,Yes,No,No,Month-to-month,No,Electronic check,78.2,1468.75,No
6339-TBELP,Male,0,No,No,71,Yes,Yes,Fiber optic,No,No,Yes,Yes,No,No,Two year,Yes,Credit card (automatic),86.4,6172,No
9470-XCCEM,Male,0,Yes,Yes,35,Yes,Yes,Fiber optic,No,Yes,No,No,Yes,No,Month-to-month,Yes,Bank transfer (automatic),89.65,3161.6,No
8224-IVVPA,Female,0,No,No,27,Yes,No,DSL,Yes,Yes,No,No,No,No,Month-to-month,Yes,Mailed check,56.7,1652.95,No
1568-LJSZU,Male,0,Yes,Yes,68,Yes,Yes,DSL,Yes,Yes,Yes,Yes,Yes,Yes,Two year,Yes,Credit card (automatic),92.2,6392.85,No
9770-LXDBK,Female,0,No,No,3,Yes,No,No,No internet service,No internet service,No internet service,No internet service,No internet service,No internet service,Month-to-month,No,Mailed check,20.4,63.15,No
5006-MXVRN,Female,0,No,No,39,Yes,No,No,No internet service,No internet service,No internet service,No internet service,No internet service,No internet service,Two year,No,Credit card (automatic),20.7,762.45,No
0440-UEDAI,Female,0,No,No,53,Yes,No,Fiber optic,No,Yes,Yes,Yes,No,Yes,One year,Yes,Credit card (automatic),94.45,5042.75,No
0431-APWVY,Female,0,Yes,Yes,28,Yes,No,Fiber optic,No,No,No,No,Yes,Yes,One year,Yes,Bank transfer (automatic),90.1,2598.95,Yes
5399-ZIMKF,Male,0,No,No,5,Yes,No,Fiber optic,No,Yes,No,No,No,No,Month-to-month,Yes,Electronic check,74.65,383.65,No
2428-ZMCTB,Male,0,No,No,10,Yes,No,No,No internet service,No internet service,No internet service,No internet service,No internet service,No internet service,Month-to-month,No,Credit card (automatic),19.75,208.25,No
0121-SNYRK,Male,0,No,No,50,No,No phone service,DSL,Yes,No,No,Yes,No,No,One year,Yes,Mailed check,35.4,1748.9,No
8456-QDAVC,Male,0,No,No,19,Yes,No,Fiber optic,No,No,No,No,Yes,No,Month-to-month,Yes,Bank transfer (automatic),78.7,1495.1,No
4644-PIZRT,Male,0,Yes,Yes,17,Yes,Yes,DSL,Yes,No,Yes,No,Yes,No,One year,Yes,Bank transfer (automatic),70.35,1201.65,No
4827-USJHP,Male,0,No,No,20,Yes,No,DSL,No,Yes,No,No,No,No,Month-to-month,Yes,Mailed check,51.8,1023.85,No
6621-NRZAK,Female,0,Yes,Yes,63,Yes,No,No,No internet service,No internet service,No internet service,No internet service,No internet service,No internet service,Two year,No,Credit card (automatic),20.0,1209.25,No
0744-BIKKF,Male,0,No,No,72,Yes,Yes,DSL,Yes,Yes,Yes,Yes,Yes,Yes,Two year,No,Bank transfer (automatic),86.65,6224.8,No
1455-HFBXA,Male,0,Yes,No,52,Yes,Yes,Fiber optic,Yes,No,Yes,Yes,No,No,Two year,Yes,Credit card (automatic),91.6,4627.8,No
7328-ZJAJO,Female,0,Yes,Yes,59,Yes,No,No,No internet service,No internet service,No internet service,No internet service,No internet service,No internet service,Two year,No,Credit card (automatic),19.5,1222.65,No
6440-DKQGE,Male,0,No,Yes,30,Yes,No,DSL,No,Yes,Yes,No,Yes,No,One year,No,Credit card (automatic),64.5,1929.95,No
3452-GWUIN,Female,1,Yes,No,19,Yes,Yes,Fiber optic,No,No,No,No,Yes,Yes,Month-to-month,Yes,Electronic check,94.95,1760.25,No
9746-MDMBK,Male,0,Yes,Yes,47,Yes,Yes,Fiber optic,Yes,Yes,Yes,Yes,Yes,Yes,One year,Yes,Bank transfer (automatic),113.45,5317.8,No
9388-ZEYVT,Male,0,No,No,43,No,No phone service,DSL,No,No,Yes,Yes,No,Yes,One year,No,Electronic check,44.15,1931.3,No
3474-BAFSJ,Male,0,Yes,No,57,No,No phone service,DSL,No,Yes,Yes,Yes,Yes,Yes,Two year,Yes,Bank transfer (automatic),57.5,3265.95,No
9102-OXKFY,Male,0,No,No,59,Yes,Yes,DSL,No,No,Yes,No,No,No,Two year,No,Credit card (automatic),54.15,3116.15,No
7517-LDMPS,Female,0,No,No,12,Yes,No,Fiber optic,No,Yes,No,No,No,Yes,Month-to-month,Yes,Electronic check,84.6,1017.35,No
6968-URWQU,Male,0,Yes,No,43,Yes,No,DSL,No,No,No,No,Yes,No,One year,Yes,Mailed check,56.35,2391.15,No
8060-HIWJJ,Male,0,No,No,64,Yes,Yes,DSL,No,Yes,Yes,Yes,Yes,Yes,Two year,No,Credit card (automatic),86.55,5632.55,No
4020-KIUDI,Male,0,Yes,Yes,6,Yes,No,No,No internet service,No internet service,No internet service,No internet service,No internet service,No internet service,Month-to-month,No,Credit card (automatic),19.85,138.85,No
1363-TXLSL,Male,1,Yes,No,1,Yes,No,Fiber optic,No,No,No,No,No,No,Month-to-month,Yes,Electronic check,70.3,70.3,Yes
7527-QNRUS,Male,0,Yes,Yes,17,Yes,Yes,No,No internet service,No internet service,No internet service,No internet service,No internet service,No internet service,Two year,Yes,Mailed check,25.15,412.6,No
8651-ENBZX,Female,1,No,No,60,Yes,Yes,Fiber optic,No,No,Yes,Yes,Yes,Yes,One year,Yes,Electronic check,106.0,6441.4,Yes
3892-NXAZG,Male,0,Yes,Yes,72,Yes,Yes,Fiber optic,Yes,Yes,Yes,Yes,Yes,Yes,Two year,Yes,Credit card (automatic),114.05,8289.2,No
8740-XLHDR,Male,0,No,No,5,No,No phone service,DSL,Yes,Yes,Yes,Yes,No,No,Month-to-month,Yes,Mailed check,43.25,219,Yes
1163-VIPRI,Female,0,Yes,Yes,65,Yes,Yes,Fiber optic,Yes,No,Yes,Yes,Yes,Yes,Two year,No,Electronic check,109.3,7337.55,No
6218-KNUBD,Male,0,No,No,6,Yes,No,DSL,No,Yes,No,No,Yes,No,Month-to-month,No,Electronic check,59.45,357.6,No
8640-SDGKB,Male,0,No,No,4,Yes,No,DSL,No,No,Yes,Yes,Yes,Yes,Month-to-month,Yes,Electronic check,74.4,299.7,Yes
2249-YPRNG,Female,0,Yes,Yes,20,Yes,Yes,Fiber optic,No,Yes,Yes,No,Yes,Yes,Month-to-month,Yes,Bank transfer (automatic),105.85,2239.65,Yes
4785-FCIFB,Female,0,Yes,No,61,Yes,Yes,No,No internet service,No internet service,No internet service,No internet service,No internet service,No internet service,Two year,No,Mailed check,24.4,1417.9,No
3419-SNJJD,Female,1,Yes,No,65,Yes,Yes,Fiber optic,Yes,No,Yes,No,Yes,Yes,Month-to-month,No,Bank transfer (automatic),105.25,6786.4,Yes
2121-JAFOM,Female,0,Yes,No,72,Yes,Yes,Fiber optic,Yes,Yes,Yes,Yes,Yes,Yes,Two year,Yes,Credit card (automatic),115.55,8312.4,No
3389-YGYAI,Female,1,No,No,8,Yes,Yes,Fiber optic,No,Yes,Yes,No,Yes,Yes,Month-to-month,Yes,Electronic check,105.5,829.55,Yes
9033-EOXWV,Female,0,No,No,12,Yes,Yes,DSL,No,No,No,Yes,Yes,Yes,One year,No,Mailed check,74.05,872.65,Yes
6179-GJPSO,Female,1,No,No,43,Yes,No,Fiber optic,Yes,Yes,No,Yes,Yes,Yes,Month-to-month,Yes,Credit card (automatic),108.15,4600.7,Yes
9667-EQRXU,Female,1,No,No,30,No,No phone service,DSL,No,No,Yes,No,Yes,No,Month-to-month,Yes,Electronic check,40.3,1172.95,Yes
7824-PANSQ,Male,0,No,No,58,Yes,Yes,Fiber optic,No,No,No,Yes,No,No,Month-to-month,No,Bank transfer (automatic),80.65,4807.35,No
2361-UPSND,Female,0,Yes,No,46,Yes,No,DSL,Yes,Yes,No,Yes,No,Yes,One year,No,Mailed check,70.6,3231.05,No
9360-OMDZZ,Male,0,No,No,24,Yes,Yes,Fiber optic,No,No,No,No,Yes,Yes,Month-to-month,Yes,Electronic check,94.1,2322.85,No
7614-QVWQL,Male,0,Yes,Yes,49,No,No phone service,DSL,No,Yes,No,No,Yes,Yes,One year,Yes,Bank transfer (automatic),51.8,2541.25,Yes
0644-OQMDK,Male,1,No,No,4,Yes,No,Fiber optic,No,No,No,No,No,No,Month-to-month,Yes,Electronic check,70.65,293.85,No
8865-TNMNX,Male,0,Yes,Yes,10,Yes,No,DSL,No,Yes,No,No,No,No,One year,No,Mailed check,49.55,475.7,No
1114-CENIM,Male,0,No,Yes,54,Yes,Yes,DSL,No,Yes,No,No,No,No,Month-to-month,Yes,Credit card (automatic),55.0,3092.65,Yes
3933-DQPWX,Female,0,No,No,50,No,No phone service,DSL,No,Yes,Yes,Yes,No,No,Two year,No,Credit card (automatic),39.7,1932.75,No
7716-YTYHG,Female,0,Yes,Yes,48,Yes,Yes,Fiber optic,No,No,No,No,No,Yes,One year,Yes,Mailed check,82.05,4029.95,Yes
7927-AUXBZ,Female,0,No,No,30,Yes,No,Fiber optic,No,No,No,Yes,Yes,No,Month-to-month,No,Electronic check,85.15,2555.9,Yes
5630-AHZIL,Female,0,No,Yes,3,Yes,No,DSL,Yes,No,No,Yes,No,Yes,Month-to-month,Yes,Bank transfer (automatic),64.5,177.4,No
2320-JRSDE,Female,0,Yes,Yes,1,Yes,No,No,No internet service,No internet service,No internet service,No internet service,No internet service,No internet service,Month-to-month,Yes,Electronic check,19.9,19.9,Yes
9013-AQORL,Female,0,No,Yes,48,No,No phone service,DSL,No,Yes,Yes,No,No,Yes,Month-to-month,No,Credit card (automatic),45.55,2108.35,No
3301-LSLWQ,Female,0,No,No,29,Yes,Yes,DSL,Yes,No,No,No,No,Yes,Month-to-month,Yes,Electronic check,66.1,1912.15,No
6734-CKRSM,Female,0,No,No,3,Yes,No,No,No internet service,No internet service,No internet service,No internet service,No internet service,No internet service,Month-to-month,No,Mailed check,20.0,63.6,No
7228-PAQPD,Female,0,No,No,14,Yes,No,DSL,No,No,No,Yes,No,Yes,One year,No,Credit card (automatic),59.1,772.85,No
5628-RKIFK,Female,1,No,No,49,Yes,Yes,Fiber optic,Yes,No,No,No,Yes,Yes,Month-to-month,No,Credit card (automatic),101.55,5070.4,No
5346-BZCHP,Female,0,Yes,Yes,69,Yes,No,No,No internet service,No internet service,No internet service,No internet service,No internet service,No internet service,Two year,No,Mailed check,19.4,1346.2,No
0739-UUAJR,Female,0,Yes,Yes,72,No,No phone service,DSL,Yes,No,Yes,No,Yes,Yes,Two year,Yes,Credit card (automatic),53.8,3952.45,No
9795-SHUHB,Female,0,Yes,Yes,66,Yes,No,DSL,Yes,Yes,No,Yes,No,No,Two year,Yes,Credit card (automatic),58.2,3810.8,No
9391-LMANN,Male,0,No,Yes,53,Yes,No,Fiber optic,Yes,Yes,Yes,No,No,Yes,One year,No,Electronic check,95.95,5036.9,No
8519-IMDHU,Male,1,Yes,No,15,Yes,Yes,Fiber optic,No,No,No,No,No,Yes,Month-to-month,Yes,Bank transfer (automatic),85.6,1345.55,Yes
0621-JFHOL,Female,0,No,No,10,No,No phone service,DSL,No,No,No,Yes,No,No,Two year,Yes,Mailed check,29.6,299.05,No
4011-ARPHK,Male,0,No,No,27,Yes,No,DSL,Yes,No,No,No,No,No,Month-to-month,No,Mailed check,50.35,1411.35,No
6384-VMJHP,Female,0,No,No,72,Yes,No,DSL,Yes,Yes,Yes,Yes,No,Yes,Two year,Yes,Credit card (automatic),73.0,5265.2,No
4338-EYCER,Male,0,Yes,No,21,Yes,No,DSL,No,No,No,No,Yes,No,Month-to-month,No,Bank transfer (automatic),54.6,1125.2,No
4074-SJFFA,Female,0,No,No,1,Yes,No,DSL,No,No,No,No,No,Yes,Month-to-month,Yes,Mailed check,54.75,54.75,Yes
6504-VBLFL,Male,0,Yes,No,55,Yes,No,DSL,Yes,Yes,Yes,No,No,No,Two year,No,Electronic check,58.6,3068.6,No
3457-PQBYH,Female,0,Yes,Yes,58,Yes,No,No,No internet service,No internet service,No internet service,No internet service,No internet service,No internet service,Two year,No,Credit card (automatic),20.3,1160.75,No
4505-EXZHB,Female,1,No,No,6,Yes,No,Fiber optic,No,No,Yes,No,No,No,Month-to-month,No,Electronic check,74.4,434.1,Yes
1429-UYJSV,Female,0,No,No,12,Yes,No,No,No internet service,No internet service,No internet service,No internet service,No internet service,No internet service,One year,No,Mailed check,19.7,260.9,No
4654-GGUII,Female,0,No,No,18,No,No phone service,DSL,Yes,Yes,No,Yes,No,No,One year,Yes,Mailed check,40.2,711.95,No
4029-HPFVY,Male,0,No,No,3,Yes,No,Fiber optic,No,No,No,No,No,No,Month-to-month,Yes,Mailed check,70.3,220.4,No
4547-FZJWE,Male,0,Yes,Yes,55,Yes,No,DSL,Yes,No,No,No,No,Yes,One year,No,Credit card (automatic),59.45,3157,No
7341-LXCAF,Male,0,Yes,No,4,Yes,Yes,Fiber optic,No,No,No,No,No,No,Month-to-month,Yes,Electronic check,74.65,301.4,Yes
2408-WITXK,Female,1,No,No,10,No,No phone service,DSL,No,No,No,No,No,Yes,Month-to-month,Yes,Electronic check,34.7,329.8,Yes
2988-GBIVW,Female,1,Yes,No,70,Yes,Yes,Fiber optic,Yes,No,No,No,No,Yes,Month-to-month,Yes,Electronic check,90.85,6470.1,No
2589-AYCRP,Female,0,No,No,50,Yes,No,No,No internet service,No internet service,No internet service,No internet service,No internet service,No internet service,One year,No,Bank transfer (automatic),19.75,989.05,No
7684-XSZIY,Male,0,Yes,Yes,72,Yes,Yes,No,No internet service,No internet service,No internet service,No internet service,No internet service,No internet service,Two year,No,Bank transfer (automatic),24.3,1643.25,No
7632-MNYOY,Male,1,No,No,66,Yes,Yes,Fiber optic,No,Yes,Yes,Yes,Yes,Yes,One year,No,Credit card (automatic),110.9,7432.05,Yes
2720-WGKHP,Male,1,No,No,2,Yes,Yes,Fiber optic,No,No,No,No,Yes,Yes,Month-to-month,Yes,Electronic check,94.0,181.7,Yes
1121-QSIVB,Female,0,No,Yes,44,Yes,Yes,DSL,No,Yes,No,No,Yes,Yes,One year,Yes,Mailed check,77.55,3471.1,No
4597-ELFTS,Male,0,No,No,56,Yes,Yes,No,No internet service,No internet service,No internet service,No internet service,No internet service,No internet service,One year,No,Electronic check,24.9,1334,Yes
5600-PDUJF,Male,0,No,No,6,Yes,No,DSL,No,No,No,Yes,No,No,Month-to-month,Yes,Credit card (automatic),49.5,312.7,No
3452-FLHYD,Male,0,Yes,No,25,Yes,No,No,No internet service,No internet service,No internet service,No internet service,No internet service,No internet service,One year,Yes,Bank transfer (automatic),20.95,495.15,No
7435-ZNUYY,Male,0,No,No,6,Yes,No,No,No internet service,No internet service,No internet service,No internet service,No internet service,No internet service,One year,No,Mailed check,20.6,116.6,No
3926-CUQZX,Male,0,No,No,1,Yes,No,DSL,No,No,No,No,No,No,Month-to-month,Yes,Bank transfer (automatic),45.1,45.1,Yes
9651-GTSAQ,Female,0,Yes,No,53,Yes,No,Fiber optic,Yes,Yes,Yes,No,Yes,Yes,One year,Yes,Bank transfer (automatic),106.1,5769.75,Yes
1113-IUJYX,Female,0,Yes,No,14,Yes,No,Fiber optic,Yes,Yes,No,Yes,Yes,Yes,One year,No,Mailed check,105.95,1348.9,Yes
3745-HRPHI,Male,0,Yes,Yes,66,No,No phone service,DSL,No,No,Yes,Yes,Yes,Yes,Two year,No,Bank transfer (automatic),54.65,3632,No
8375-KVTHK,Male,0,Yes,No,68,Yes,No,Fiber optic,No,Yes,No,Yes,Yes,Yes,One year,Yes,Electronic check,100.3,6754.35,No
